"variable","mean","sd"
"age",61.6554559960722,11.5266952031164
"regional.nodes.positive",2.47698539339634,3.96557793302563
"regional.nodes.examined",22.5523505584878,11.4813570344565
